corp_name,stock_code,market,buy_date,buy_price,record_date,sell_date,sell_price,shares,net_pnl,ret_pct,hold_days
바이브컴퍼니,301300,KOSDAQ,2023-03-29,14327,2023-04-14,2023-04-12,12949,1395,-1960532.442,-9.807976699,14
TYM,2900,KOSPI,2023-03-30,7981,2023-05-23,2023-05-19,8420,2505,1055566.544,5.279045883,50
제놀루션,225220,KOSDAQ,2023-04-03,6182,2023-04-20,2023-04-18,6550,3235,1146161.147,5.730298656,15
블루산업개발,6740,KOSPI,2023-04-04,12044,2023-04-20,2023-04-18,12690,1660,1028283.514,5.142436041,14
위지윅스튜디오,299900,KOSDAQ,2023-04-14,4340,2023-05-03,2023-04-28,4390,4608,187953.408,0.939686236,14
센코,347000,KOSDAQ,2023-04-28,3689,2023-05-15,2023-05-11,3945,5421,1343073.892,6.715010639,13
제이아이테크,417500,KOSDAQ,2023-05-08,5615,2023-05-23,2023-05-19,5440,3561,-663949.3403,-3.320076343,11
엑스페릭스,317770,KOSDAQ,2023-06-09,12045,2023-06-26,2023-06-22,11659,1660,-681499.388,-3.407888983,13
토마토시스템,393210,KOSDAQ,2023-06-13,5750,2023-06-28,2023-06-26,5909,3478,509926.7961,2.549442801,13
포시에스,189690,KOSDAQ,2023-06-16,2939,2023-07-03,2023-06-29,3099,6805,1044677.06,5.222629331,13
알비더블유,361570,KOSDAQ,2023-06-20,6374,2023-07-05,2023-07-03,5740,3137,-2026969.727,-10.13574195,13
HB솔루션,297890,KOSDAQ,2023-06-28,4855,2023-07-13,2023-07-11,4780,4119,-350317.8608,-1.751524089,13
라이온켐텍,171120,KOSDAQ,2023-06-30,5975,2023-07-20,2023-07-18,6030,3347,141729.5517,0.708600823,18
지에프씨생명과학,388610,KOSDAQ,2023-07-07,4705,2023-07-25,2023-07-21,5209,4250,2095830.975,10.47954815,14
HLB,28300,KOSDAQ,2023-07-19,29567,2023-08-03,2023-08-01,31999,676,1598852.824,7.998147185,13
랩지노믹스,84650,KOSDAQ,2023-07-24,4915,2023-08-08,2023-08-04,4495,4069,-1747645.673,-8.737295713,11
나라셀라,405920,KOSDAQ,2023-07-25,8585,2023-08-09,2023-08-07,7929,2329,-1566833.12,-7.83515903,13
코미팜,41960,KOSDAQ,2023-07-26,5301,2023-08-18,2023-08-16,5820,3772,1911860.266,9.560079853,21
미래산업,25560,KOSPI,2023-08-03,65456,2023-08-18,2023-08-16,62511,305,-938398.0293,-4.699727163,13
핌스,347770,KOSDAQ,2023-08-04,6163,2023-08-21,2023-08-17,5929,3245,-799847.07,-3.998848493,13
삼기에너지솔루션즈,419050,KOSDAQ,2023-08-17,4677,2023-09-01,2023-08-30,4624,4276,-268183.6646,-1.340794177,13
그린생명과학,114450,KOSDAQ,2023-08-22,2422,2023-09-06,2023-09-04,2490,8257,518384.3684,2.591733453,13
필에너지,378340,KOSDAQ,2023-09-13,31250,2023-10-04,2023-09-27,32200,640,564814.4,2.823648453,14
코난테크놀로지,402030,KOSDAQ,2023-09-21,39097,2023-10-12,2023-10-10,34748,511,-2259960.43,-11.31022804,19
드림씨아이에스,223250,KOSDAQ,2023-09-25,7196,2023-10-11,2023-10-06,5769,2779,-3999895.152,-19.99879215,11
엑셈,205100,KOSDAQ,2023-09-26,2946,2023-10-11,2023-10-06,2785,6788,-1132731.548,-5.663530986,10
콜마홀딩스,24720,KOSPI,2023-10-05,6864,2023-10-20,2023-10-18,6999,2913,350499.0055,1.752685087,13
지앤비에스 에코,382800,KOSDAQ,2023-10-11,7350,2023-10-27,2023-10-25,6500,2721,-2350338.578,-11.75031228,14
에이프릴바이오,397030,KOSDAQ,2023-10-17,11705,2023-11-01,2023-10-30,10329,1708,-2387608.588,-11.9409453,13
얼라인드,238120,KOSDAQ,2023-10-23,4165,2023-11-08,2023-11-06,3930,4801,-1168026.888,-5.840378445,14
이노션,214320,KOSPI,2023-10-25,22375,2023-11-30,2023-11-28,20900,893,-1356566.346,-6.788305776,34
칩스앤미디어,94360,KOSDAQ,2023-10-30,17750,2023-11-14,2023-11-10,19750,1126,2205636.95,11.03397871,11
앱튼,270520,KOSDAQ,2023-10-30,2881,2023-11-14,2023-11-10,2735,6942,-1053555.407,-5.267012794,11
코리안리,3690,KOSPI,2023-11-06,6178,2023-11-21,2023-11-17,6569,3237,1221202.759,6.105651812,11
지누스,13890,KOSPI,2023-11-06,15549,2023-11-22,2023-11-20,15682,1286,128712.8465,0.643595981,14
세경하이테크,148150,KOSDAQ,2023-11-15,5022,2023-11-30,2023-11-28,5880,3982,3367898.747,16.8389855,13
유한양행,100,KOSPI,2023-11-24,59243,2024-01-01,2023-12-28,68800,337,3172502.346,15.88802334,34
엔케이젠바이오텍코리아,182400,KOSDAQ,2023-12-06,6390,2023-12-22,2023-12-20,6080,3129,-1010086.571,-5.051112443,14
피씨디렉트,51380,KOSDAQ,2023-12-06,3930,2023-12-21,2023-12-19,4010,5089,364326.599,1.821380737,13
오상자이엘,53980,KOSDAQ,2023-12-07,5295,2024-01-01,2023-12-28,5550,3777,919258.5352,4.59578372,21
소룩스,290690,KOSDAQ,2023-12-07,10001,2023-12-27,2023-12-22,9168,1999,-1703903.122,-8.52164696,15
시노펙스,25320,KOSDAQ,2023-12-08,4138,2023-12-29,2023-12-27,6043,4833,9146913.81,45.73010158,19
펨트론,168360,KOSDAQ,2023-12-08,7575,2024-01-02,2023-12-28,8960,2640,3607274.22,18.0354696,20
하이텍팜,106190,KOSDAQ,2023-12-11,9880,2024-01-01,2023-12-28,9330,2024,-1153023.212,-5.765081594,17
한미약품,128940,KOSPI,2023-12-14,326716,2024-01-01,2023-12-28,352500,61,1527904.674,7.665330446,14
종근당,185750,KOSPI,2023-12-14,115780,2024-01-01,2023-12-28,125045,172,1548652.783,7.775474938,14
JW중외제약,1060,KOSPI,2023-12-15,33053,2024-01-01,2023-12-28,35550,605,1465745.328,7.328702982,13
JW홀딩스,96760,KOSPI,2023-12-15,3285,2024-01-01,2023-12-28,3490,6088,1203608.254,6.0174155,13
JW신약,67290,KOSDAQ,2023-12-15,2122,2024-01-01,2023-12-28,2250,9425,1162047.835,5.80941134,13
티이엠씨,425040,KOSDAQ,2023-12-18,22675,2024-01-03,2023-12-28,25800,882,2708876.677,13.54279218,10
솔루스첨단소재,336370,KOSPI,2023-12-21,11500,2024-01-09,2024-01-05,13500,1739,3429221.05,17.14481958,15
프로브잇,227100,KOSDAQ,2023-12-27,3920,2024-01-15,2024-01-11,3280,5102,-3300912.368,-16.50221854,15
제우스,79370,KOSDAQ,2024-01-02,16833,2024-01-17,2024-01-15,17599,1188,866238.516,4.33106186,13
더블유게임즈,192080,KOSPI,2024-01-03,43019,2024-01-18,2024-01-16,42850,464,-120180.8024,-0.601993315,13
지아이이노베이션,358570,KOSDAQ,2024-01-04,9641,2024-01-22,2024-01-18,10016,2074,734242.9761,3.671502485,14
하이로닉,149980,KOSDAQ,2024-01-24,8917,2024-02-08,2024-02-06,8449,2242,-1089192.97,-5.447350443,13
엑스플러스,373200,KOSDAQ,2024-01-30,1916,2024-02-22,2024-02-20,1057,10438,-8990756.165,-44.94881874,21
풍산홀딩스,5810,KOSPI,2024-02-14,26006,2024-03-05,2024-02-29,29050,769,2294274.28,11.47044586,15
아이패밀리에스씨,114840,KOSDAQ,2024-02-14,17154,2024-02-29,2024-02-27,17579,1165,452192.2452,2.262385663,13
바이오다인,314930,KOSDAQ,2024-02-14,10578,2024-02-29,2024-02-27,12469,1890,3525036.637,17.62922128,13
에이치피오,357230,KOSDAQ,2024-02-21,4678,2024-03-07,2024-03-05,4744,4275,239603.0625,1.197928477,13
프롬바이오,377220,KOSDAQ,2024-02-28,2895,2024-03-14,2024-03-12,2755,6908,-1007231.302,-5.035738594,13
유비벨록스,89850,KOSDAQ,2024-03-19,9215,2024-04-03,2024-04-01,9980,2170,1614820.147,8.074282618,13
스튜디오미르,408900,KOSDAQ,2024-03-21,5622,2024-04-08,2024-04-04,5989,3557,1260878.78,6.304250912,14
딥노이드,315640,KOSDAQ,2024-03-25,8344,2024-04-09,2024-04-05,7667,2396,-1660912.591,-8.306547043,11
SNT에너지,100840,KOSPI,2024-03-29,11088,2024-04-17,2024-04-15,12050,1803,1689121.258,8.447860707,17
유일에너테크,340930,KOSDAQ,2024-04-01,3687,2024-04-17,2024-04-15,3540,5424,-837769.6152,-4.188578385,14
링네트,42500,KOSDAQ,2024-04-01,5282,2024-04-17,2024-04-15,5544,3786,948002.6634,4.739858881,14
아이퀘스트,262840,KOSDAQ,2024-04-04,3171,2024-04-19,2024-04-17,3040,6307,-866604.8206,-4.332483209,13
한싹,430690,KOSDAQ,2024-04-15,8189,2024-04-30,2024-04-26,8889,2442,1664071.84,8.320135543,11
현대바이오랜드,52260,KOSDAQ,2024-05-02,4620,2024-05-20,2024-05-16,6500,4329,8080649.928,40.39723046,14
제일일렉트릭,199820,KOSDAQ,2024-05-07,11704,2024-05-22,2024-05-20,11729,1708,636.8278,0.003185185,13
GST,83450,KOSDAQ,2024-06-11,22526,2024-06-27,2024-06-25,21700,887,-773192.4893,-3.869143059,14
인스웨이브,450520,KOSDAQ,2024-06-12,6273,2024-07-01,2024-06-27,6280,3188,-19723.9966,-0.098613456,15
케이엔에스,432470,KOSDAQ,2024-06-17,19200,2024-07-02,2024-06-28,17750,1041,-1548479.693,-7.746194842,11
에스엘에스바이오,246250,KOSDAQ,2024-06-25,2307,2024-07-15,2024-07-11,2435,8669,1065469.513,5.326712913,16
현대글로비스,86280,KOSPI,2024-06-28,109543,2024-07-15,2024-07-11,126300,182,3001959.606,15.05510145,13
지놈앤컴퍼니,314130,KOSDAQ,2024-07-22,5015,2024-08-07,2024-08-05,4190,3988,-3325683.927,-16.62607538,14
에코앤드림,101360,KOSDAQ,2024-07-23,32188,2024-08-07,2024-08-05,30600,621,-1026201.382,-5.133125272,13
큐리옥스바이오시스템즈,445680,KOSDAQ,2024-07-23,23031,2024-08-07,2024-08-05,18030,868,-4374384.214,-21.87858678,13
SK이터닉스,475150,KOSPI,2024-08-05,11467,2024-08-20,2024-08-16,17460,1744,10389414.26,51.94331123,11
스톰테크,352090,KOSDAQ,2024-08-16,3965,2024-09-02,2024-08-29,3995,5044,109026.06,0.545063259,13
다이나믹디자인,145210,KOSPI,2024-09-11,2549,2024-09-26,2024-09-24,2674,7846,936838.6841,4.68361876,13
삼현,437730,KOSDAQ,2024-10-02,8322,2024-10-18,2024-10-16,8990,2403,1560078.544,7.800094105,14
현대ADM,187660,KOSDAQ,2024-10-14,1660,2024-11-28,2024-11-26,1820,12048,1881921.696,9.408347784,43
네오팜,92730,KOSDAQ,2024-10-15,13134,2024-10-31,2024-10-29,13570,1522,620319.1048,3.102689766,14
동아엘텍,88130,KOSDAQ,2024-10-23,4495,2024-11-07,2024-11-05,4650,4449,646253.9542,3.231067064,13
유비쿼스,264450,KOSDAQ,2024-10-23,9140,2024-11-14,2024-11-12,9040,2188,-260369.812,-1.30176316,20
코리안리,3690,KOSPI,2024-10-23,7621,2024-11-07,2024-11-05,8080,2624,1160072.63,5.800217095,13
지누스,13890,KOSPI,2024-11-04,23705,2024-11-20,2024-11-18,21700,843,-1728884.042,-8.650340289,14
레드캡투어,38390,KOSDAQ,2024-11-08,8575,2024-11-25,2024-11-21,8860,2332,621330.501,3.106668111,13
고려제강,2240,KOSPI,2024-11-08,18134,2025-01-01,2024-12-30,17850,1102,-354323.4152,-1.772799041,52
캔버스엔,210120,KOSDAQ,2024-11-11,4182,2025-02-03,2025-01-24,3434,4782,-3611957.455,-18.05859202,74
DS단석,17860,KOSPI,2024-11-11,55050,2024-11-26,2024-11-22,42534,363,-4576413.164,-22.89792553,11
시노펙스,25320,KOSDAQ,2024-11-12,6333,2024-12-30,2024-12-26,6351,3158,14733.9648,0.073660197,44
노브랜드,145170,KOSDAQ,2024-12-04,9596,2024-12-19,2024-12-17,8869,2084,-1554109.552,-7.770134501,13
글로벌텍스프리,204620,KOSDAQ,2024-12-09,3047,2025-01-02,2024-12-30,3405,6563,2302977.702,11.51462332,21
제테마,216080,KOSDAQ,2024-12-10,8395,2025-01-06,2025-01-02,7630,2382,-1860670.121,-9.303401988,23
동원산업,6040,KOSPI,2024-12-12,34417,2025-01-02,2024-12-30,36950,581,1426811.056,7.134313384,18
교촌에프앤비,339770,KOSPI,2024-12-13,5549,2025-01-01,2024-12-30,5460,3604,-362127.5774,-1.810493429,17
JW신약,67290,KOSDAQ,2024-12-16,1569,2025-01-01,2024-12-30,1437,12746,-1721187.975,-8.605305762,14
종근당,185750,KOSPI,2024-12-16,86452,2025-01-01,2024-12-30,89000,231,545502.3882,2.731143329,14
HLB테라퓨틱스,115450,KOSDAQ,2024-12-19,9684,2025-01-15,2025-01-13,12462,2065,5683389.022,28.41629208,25
제닉스로보틱스,381620,KOSDAQ,2025-01-07,9803,2025-01-31,2025-01-24,9370,2040,-923593.578,-4.617709363,17
SNT모티브,64960,KOSPI,2025-01-14,24683,2025-01-31,2025-01-24,25500,810,618493.7655,3.093052025,10
유아이엘,49520,KOSDAQ,2025-02-07,3967,2025-02-24,2025-02-20,4380,5041,2035878.172,10.17906175,13
비엘팜텍,65170,KOSDAQ,2025-02-12,637,2025-02-27,2025-02-25,1111,31397,14811157.99,74.04509418,13
제이에스코퍼레이션,194370,KOSPI,2025-03-19,8925,2025-04-04,2025-04-02,8750,2240,-433218.8,-2.166635789,14
더즌,462860,KOSDAQ,2025-04-07,2709,2025-04-22,2025-04-18,2850,7382,996836.8593,4.983975549,11
아이퀘스트,262840,KOSDAQ,2025-04-14,2127,2025-04-29,2025-04-25,2310,9402,1675214.983,8.375633641,11
블루엠텍,439580,KOSDAQ,2025-04-15,3752,2025-05-09,2025-05-07,5769,5330,10687650.17,53.43515237,22
에코아이,448280,KOSDAQ,2025-04-23,9966,2025-05-09,2025-05-07,10299,2006,624712.6323,3.124376316,14
닷밀,464580,KOSDAQ,2025-04-30,3000,2025-06-13,2025-06-11,3500,6666,3284504.85,16.42170341,42
바이오솔루션,86820,KOSDAQ,2025-05-13,9528,2025-05-28,2025-05-26,11649,2099,4401299.17,22.00399631,13
탑런토탈솔루션,336680,KOSDAQ,2025-05-15,5100,2025-05-30,2025-05-28,5480,3921,1445080.629,7.225367175,13
셀트리온,68270,KOSPI,2025-05-26,147371,2025-06-10,2025-06-05,157100,135,1269074.162,6.377875891,10
플리토,300080,KOSDAQ,2025-06-10,9439,2025-06-25,2025-06-23,10339,2118,1860500.126,9.30491955,13
SCL사이언스,246960,KOSDAQ,2025-06-16,2550,2025-07-01,2025-06-27,3110,7843,4341516.179,21.70470508,11
네오오토,212560,KOSDAQ,2025-06-30,5565,2025-07-15,2025-07-11,6420,3593,3024034.976,15.12165358,11
현대바이오,48410,KOSDAQ,2025-07-10,5410,2025-07-25,2025-07-23,7090,3696,6155181.648,30.77843314,13
헥토파이낸셜,234340,KOSDAQ,2025-07-10,19013,2025-07-25,2025-07-23,18980,1051,-76578.96045,-0.383169527,13
산돌,419120,KOSDAQ,2025-07-18,5573,2025-08-06,2025-08-04,7870,3588,8183573.369,40.9200696,17
동국생명과학,303810,KOSDAQ,2025-07-24,4830,2025-08-08,2025-08-06,4890,4140,205923.6,1.029659216,13
그린리소스,402490,KOSDAQ,2025-08-04,8284,2025-08-20,2025-08-18,8409,2414,259166.6779,1.295796094,14
엔에프씨,265740,KOSDAQ,2025-08-04,5280,2025-08-20,2025-08-18,5700,3787,1545448.191,7.72787491,14
와이제이링크,209640,KOSDAQ,2025-08-21,3775,2025-09-05,2025-09-03,3830,5298,248821.8945,1.243925994,13
링네트,42500,KOSDAQ,2025-08-25,3940,2025-09-19,2025-09-17,4119,5076,864833.3982,4.323639525,23
스튜디오삼익,415380,KOSDAQ,2025-08-25,3872,2025-09-09,2025-09-05,4185,5165,1571494.894,7.856736004,11
온코닉테라퓨틱스,476060,KOSDAQ,2025-09-17,11175,2025-10-13,2025-10-02,16300,1789,9108762.824,45.55503475,15
지투지바이오,456160,KOSDAQ,2025-10-22,56864,2025-11-06,2025-11-04,61700,351,1652211.545,8.276676689,13
피앤에스로보틱스,460940,KOSDAQ,2025-10-24,8795,2025-11-10,2025-11-06,10250,2274,3260218.451,16.298786,13
디앤디파마텍,347850,KOSDAQ,2025-10-29,49699,2025-11-14,2025-11-12,74699,402,9988446.604,49.9872344,14
드림시큐리티,203650,KOSDAQ,2025-11-03,1674,2025-11-19,2025-11-17,1747,11947,828431.8607,4.141687588,14
제너셈,217190,KOSDAQ,2025-11-10,6076,2025-11-25,2025-11-21,5910,3291,-587232.5469,-2.936292604,11
에이치시티,72990,KOSDAQ,2025-11-11,6384,2025-11-27,2025-11-25,6246,3132,-473362.0236,-2.367083847,14
시노펙스,25320,KOSDAQ,2025-11-12,5799,2026-01-01,2025-12-30,6070,3448,890596.5052,4.453438727,48
카티스,140430,KOSDAQ,2025-11-12,1323,2025-11-28,2025-11-26,1285,15117,-615325.3914,-3.076197678,14
비츠로셀,82920,KOSDAQ,2025-11-26,14786,2025-12-11,2025-12-09,19429,1352,6223114.784,31.12542418,13
이지케어텍,99750,KOSDAQ,2025-12-04,9888,2025-12-18,2025-12-16,11460,2022,3130399.336,15.65470883,12
폰드그룹,472850,KOSDAQ,2025-12-09,5795,2026-01-05,2025-12-30,5659,3451,-510417.7393,-2.551891591,21
JW신약,67290,KOSDAQ,2025-12-16,1802,2026-01-02,2025-12-30,2130,11098,3591048.668,17.95381081,14
저스템,417840,KOSDAQ,2025-12-18,4468,2026-01-02,2025-12-30,5810,4476,5953081.343,29.76277596,12
대한제강,84010,KOSPI,2025-12-22,13136,2026-01-06,2026-01-02,13070,1522,-142241.4018,-0.711349601,11
뷰티스킨,406820,KOSDAQ,2025-12-23,4830,2026-01-08,2026-01-06,4054,4140,-3248367.372,-16.24248702,14
유일에너테크,340930,KOSDAQ,2025-12-24,1310,2026-01-08,2026-01-06,1616,15267,4620592.664,23.09976404,13
아진엑스텍,59120,KOSDAQ,2026-01-14,7204,2026-01-29,2026-01-27,8490,2776,3520978.186,17.60374339,13
엠아이큐브솔루션,373170,KOSDAQ,2026-01-26,3442,2026-02-10,2026-02-06,4480,5810,5977024.137,29.88359707,11
삼양엔씨켐,482630,KOSDAQ,2026-02-04,17600,2026-02-23,2026-02-19,20350,1136,3075921.64,15.38222392,15
씨케이솔루션,480370,KOSPI,2026-02-12,4009,2026-03-03,2026-02-27,3310,4988,-3521806.58,-17.6091284,15
에어레인,163280,KOSDAQ,2026-02-23,6610,2026-03-10,2026-03-06,7120,3025,1497751.612,7.489413653,11
HLB테라퓨틱스,115450,KOSDAQ,2026-02-26,2591,2026-03-13,2026-03-11,2925,7719,2531118.764,12.65374069,13
TJ미디어,32540,KOSDAQ,2026-03-04,6310,2026-03-23,2026-03-18,6090,3169,-737812.918,-3.68917721,14
씨어스테크놀로지,458870,KOSDAQ,2026-03-10,143900,2026-03-25,2026-03-18,185100,138,5632810.86,28.36090917,8
